#{"t_start": 1619158440.7341294, "env_id": "MiniWorld-Maze-v0"}
r,l,t
0.999999,58,2.501587
